,Captions,Seed_Value
0,A man with a beard and a beard is smiling.,289
1,A man with glasses and a tie is smiling..,639
2,A woman with long hair and a haircut smiling.,258
3,A woman with a blue knitted hat and a blue knitted hat.,761
4,A man with glasses and a tie is smiling. blue knitted hat.,300
5,A woman with a haircut looking at the camera. knitted hat.,476
6,A man with a beard and a beard is smiling. knitted hat.,804
7,A woman with glasses and a glasses on. smiling. knitted hat.,17
8,A close up of a person wearing a shirt and tie knitted hat.,920
9,A woman with glasses and a tie is smiling. tie knitted hat.,552
10,A little girl with a beard and a tie on tie knitted hat.,133
11,A close up of a person wearing a shirt and tie knitted hat.,694
12,A little girl with a purple knit hat on. tie knitted hat.,645
13,A close up of a person wearing a shirt and tie knitted hat.,583
14,A woman with a smile on her face with a man in the background.,224
15,A woman with a tie and a shirt. a man in the background.,878
16,A woman with long hair and a haircut. man in the background.,555
17,A man with a beard and a beard on his face. the background.,927
18,A woman with a beard and a tie on. face. the background.,693
19,A young boy with a beard and a beard. face. the background.,134
20,A girl with long hair and a beard.. face. the background.,642
21,A baby wearing a blue shirt and a blue tie.. the background.,223
22,A little girl with a tie and a red tie.. the background.,584
23,A young boy with a blue shirt and a blue tie. the background.,529
24,A close up of a child with a toothbrush in its mouth background.,148
25,A woman with long hair and a haircut. in its mouth background.,199
26,A man with a beard and a beard is smiling. its mouth background.,766
27,A woman with a haircut looking at the camera. its mouth background.,307
28,A woman with a red tie and a pink face. its mouth background.,803
29,A close up of a person wearing a shirt and tie its mouth background.,471
30,A woman with long hair and a beard. and tie its mouth background.,10
31,A young boy wearing a green vest and tie. tie its mouth background.,929
32,A man with a beard and a beard on his head. mouth background.,714
33,A man with glasses and a beard is smiling. head. mouth background.,375
34,A young boy with a beard and a beard. head. mouth background.,871
35,A man with a beard and a beard is smiling.. mouth background.,403
36,A close up of a person with a hair brush.. mouth background.,62
37,A woman with long hair and a beard. brush.. mouth background.,527
38,A man with a blue hat and a necklace on his head. background.,955
39,A woman with a bow tie and a bow. his head. background.,280
40,A man with glasses and a tie is smiling. his head. background.,146
41,A woman with a beard and glasses is smiling. his head. background.,197
42,A woman with long hair and a beard smiling. his head. background.,630
43,A man with a beard and a beard is smiling. head. background.,984
44,A man with a beard and a beard is smiling. head. background.,251
45,A woman with glasses and a tie on. smiling. head. background.,768
46,A woman with glasses and a necklace is smiling.. head. background.,309
47,A woman with glasses and a tie on... head. background.,287
48,A little girl wearing a pink tie and a purple flower.. background.,952
49,A woman with long hair and a haircut. flower.. background.,520
50,A man with a beard and a beard is smiling... background.,141
51,A woman with a beard and a beard. smiling... background.,637
52,A woman with long hair and a long hair.... background.,190
53,A man with a beard and a beard is looking at the camera..,256
54,A woman with a pink hair and a red hair. the camera..,983
55,A woman with a haircut looking at the camera. the camera..,478
56,A woman with glasses and a tie is looking at the camera...,19
57,A woman with a ponytail on her head. at the camera...,713
58,A man with a beard and a beard is smiling. camera...,372
59,A man with a beard and a beard wearing a tie....,404
60,A man with glasses and a glasses is wearing glasses.....,876
61,A man with glasses and a beard is smiling......,65
62,A man with a baseball cap and a baseball cap is smiling...,263
63,A woman with a beard and a red tie. is smiling...,602
64,A man with a beard and a beard is wearing a blue shirt and tie.,174
65,A woman with glasses and a tie is smiling. a blue shirt and tie.,967
66,A man with a beard and a beard is smiling. blue shirt and tie.,515
67,A close up of a child with a toothbrush. blue shirt and tie.,108
68,A man with a beard and a beard is smiling. blue shirt and tie.,569
69,A man with glasses and a glasses is wearing glasses. blue shirt and tie.,50
70,A man with a beard and a beard is smiling. blue shirt and tie.,396
71,A man with glasses and a tie is smiling.. blue shirt and tie.,431
72,A woman with purple hair and purple hair... blue shirt and tie.,843
73,A man with glasses and a tie is smiling.. blue shirt and tie.,347
74,A woman with long hair and a beard... blue shirt and tie.,892
75,A woman with a beard and a pink hair.. blue shirt and tie.,726
76,A woman and a child are smiling for the camera. blue shirt and tie.,81
77,A woman with blue hair and a purple hair.. blue shirt and tie.,218
78,A woman with a haircut looking at the camera. blue shirt and tie.,679
79,A woman with a beard and a beard. camera. blue shirt and tie.,57
80,A man with a red tie and a red shirt. blue shirt and tie.,844
81,A man with a beard and a beard is smiling. blue shirt and tie.,436
82,A little girl with long hair and a tie.. blue shirt and tie.,391
83,A man with a hat and sunglasses and a hat on blue shirt and tie.,895
84,A woman with long hair and a beard smiling. on blue shirt and tie.,340
85,A close up of a child with a camera. on blue shirt and tie.,86
86,A woman with a ponytail on her head.. on blue shirt and tie.,721
87,A man and a woman are smiling together.. on blue shirt and tie.,264
88,A man with a beard and a beard is smiling. blue shirt and tie.,605
89,A young boy with a beard and a beard.. blue shirt and tie.,173
90,A man with a hat on looking at the camera. blue shirt and tie.,512
91,A woman with long hair and a haircut.. blue shirt and tie.,960
92,A woman with a pink bow tie and a pink face. shirt and tie.,838
93,A man with a beard and a beard is smiling.. shirt and tie.,216
94,A man with glasses and a tie is smiling... shirt and tie.,677
95,A woman with a tie on and a smile on her face. and tie.,101
96,A woman with a necklace on her head. on her face. and tie.,560
97,A woman with long hair and a haircut. her face. and tie.,912
98,A woman with a ponytail and a tie.. her face. and tie.,59
99,A woman with long hair and a necklace is smiling. face. and tie.,438
100,A man with glasses and a tie is smiling.. face. and tie.,88
101,A young child with long hair and a tie.. face. and tie.,782
102,A man with a mustache is smiling for the camera. face. and tie.,25
103,A man with a beard and a beard is smiling. face. and tie.,836
104,A close up of a child wearing a pink tie. face. and tie.,444
105,A man with glasses and a tie is smiling.. face. and tie.,332
106,A man with a beard and a beard is brushing his teeth. and tie.,495
107,A close up of a person with a hair brush his teeth. and tie.,753
108,A woman with long hair and a beard. brush his teeth. and tie.,969
109,A woman with long hair and a long hair. his teeth. and tie.,22
110,A man with a beard and a beard is smiling. teeth. and tie.,785
111,A man with glasses and a tie is smiling.. teeth. and tie.,443
112,A man with a beard and a beard... teeth. and tie.,831
113,A woman with long hair and a haircut.. teeth. and tie.,492
114,A woman with a red tie and a white shirt. teeth. and tie.,335
115,A woman with a beard and a red hair.. teeth. and tie.,754
116,A man with glasses and a beard is smiling.. teeth. and tie.,211
117,A woman with glasses and a necklace is smiling.. teeth. and tie.,670
118,A close up of a child with a sky background. teeth. and tie.,106
119,A man with glasses and a tie looking at the camera teeth. and tie.,915
120,A young girl with long hair and a beard. camera teeth. and tie.,567
121,A woman with long hair and a beard smiling. camera teeth. and tie.,398
122,A young girl with long hair and a beard. camera teeth. and tie.,349
123,A man with a mustache and a mustache wearing a tie.. and tie.,728
124,A woman with sunglasses on smiling for the camera. tie.. and tie.,324
125,A woman with long hair and a beard smiling. tie.. and tie.,483
126,A man with a beard and a beard is smiling... and tie.,745
127,A woman with long hair and a beard with a beard.. and tie.,794
128,A man with a beard and a beard is smiling... and tie.,33
129,A man with a beard and a beard is smiling... and tie.,820
130,A man with a beard and a beard is smiling... and tie.,452
131,A man and woman are smiling together. is smiling... and tie.,978
132,A woman with long hair and a haircut.... and tie.,358
133,A woman with a smile on her face in front of trees. and tie.,739
134,A close up of a person wearing a pink shirt of trees. and tie.,389
135,A man with a beard and a beard is smiling. trees. and tie.,117
136,A woman with a red and white face with a red ring on her face.,576
137,A young girl with long hair and a beard. red ring on her face.,904
138,A woman with a beard and a beard on. red ring on her face.,200
139,A close up of a person wearing a pink shirt red ring on her face.,661
140,A little boy with a blue shirt and tie. red ring on her face.,99
141,A man with a beard and a beard is smiling. ring on her face.,48
142,A woman with a smile on her face with a smile on her face..,429
143,A close up of a child's face with a smile on it..,110
144,A man with a hat and a beard. with a smile on it..,903
145,A little girl with a pink shirt and a pink tie. on it..,571
146,A close up of a child with a tie pink tie. on it..,207
147,A man with a beard and a beard is smiling.. on it..,666
148,A woman with a smile on her face with a green head. it..,484
149,A man with a beard and a beard is smiling. head. it..,323
150,A young girl with long hair and a beard.. head. it..,742
151,A woman with long hair and a haircut.. head. it..,34
152,A man with a beard and a beard... head. it..,793
153,A man with a hat and a hat on.. head. it..,455
154,A man and a woman are posing for a picture. head. it..,827
155,A young boy wearing a hat and a tie.. head. it..,351
156,A man with a beard and a beard... head. it..,884
157,A man with sunglasses and a hat on... head. it..,730
158,A man with glasses and a glasses is smiling.. head. it..,97
159,A woman with long hair and a beard smiling.. head. it..,46
160,A woman with long hair and a beard is smiling. head. it..,380
161,A woman with glasses and a tie with a smile. head. it..,427
162,A woman with long hair and a haircut.. head. it..,855
163,A man with glasses and a beard is smiling.. head. it..,209
164,A man with a beard and a red tie.. head. it..,668
165,A woman with long hair and a beard smiling.. head. it..,829
166,A young boy with a red shirt and a red tie.. it..,162
167,A young man with a beard and a beard. tie.. it..,971
168,A man with a beard and a beard is smiling... it..,503
169,A young boy with long hair and a beard.... it..,275
170,A young girl wearing a pink hat and a purple hat.. it..,614
171,A woman with a long hair and a tie on... it..,165
172,A woman with glasses and a brown hat. on... it..,504
173,A man with a hat and a tie on on... it..,976
174,A little girl wearing a pink tie and a pink shirt.. it..,272
175,A close up of a person wearing a shirt and tie.. it..,613
176,A young boy with a beard and a blue shirt... it..,883
177,A woman with a haircut looking at the camera... it..,356
178,A man with glasses and a tie looking at the camera.. it..,90
179,A woman with long hair and a beard. the camera.. it..,737
180,A close up of a person wearing a red shirt camera.. it..,41
181,A little boy that is holding a piece of fruit... it..,852
182,A man with a beard and a beard is smiling... it..,420
183,A close up of a person wearing a shirt and tie.. it..,387
184,A young girl with long hair and a beard. tie.. it..,119
185,A woman with long hair and a beard is smiling... it..,578
186,A woman with long hair and a red hair.... it..,469
187,A man with a beard and a beard is smiling... it..,8
188,A woman with a smile on her face with a smile on her face..,181
189,A young boy with a blue shirt and tie. smile on her face..,626
190,A woman with a ponytail on her head.. smile on her face..,992
191,A woman with long hair and a red hair. smile on her face..,247
192,A man with a beard and a beard is smiling. on her face..,531
193,A man with a beard and a beard is smiling. on her face..,943
194,A man with glasses and a tie is smiling.. on her face..,296
195,A woman with a pink hair and a red hair. on her face..,150
196,A woman with a necklace on her face. hair. on her face..,867
197,A man with a beard and a beard is smiling. on her face..,415
198,A close up of a person wearing a shirt and tie on her face..,74
199,A woman with long hair and a haircut. tie on her face..,702
200,A man with a beard and a beard.. tie on her face..,363
201,A woman with glasses and a tie on.. tie on her face..,412
202,A man with a beard and a blue hat on tie on her face..,860
203,A man with a beard and a beard is smiling. on her face..,73
204,A woman with a haircut looking at the camera. on her face..,705
205,A man with a beard and glasses on looking at the camera. face..,364
206,A woman and a man are smiling together. at the camera. face..,938
207,A man with a beard and a beard is smiling. camera. face..,779
208,A woman with long hair and a beard smiling.. camera. face..,318
209,A woman with a beard and a tie on.. camera. face..,621
210,A man with a beard and a beard is smiling. camera. face..,186
211,A man with a beard and glasses on. smiling. camera. face..,240
212,A man with a beard and a beard is smiling. camera. face..,995
213,A woman with a hat and a black hat.. camera. face..,291
214,A woman with a beard and a beard on her face.. face..,944
215,A woman is smiling while talking on a cell phone... face..,536
216,A woman with long hair and a beard smiling.... face..,157
217,A man with a beard and a red tie.... face..,653
218,A man with glasses and a glasses is smiling.... face..,595
219,A man with glasses and a tie is smiling.... face..,232
220,A woman with glasses and a necklace is smiling.... face..,936
221,A woman with glasses and a necklace is smiling.... face..,544
222,A woman with a smile on her face with a woman.. face..,125
223,A man with glasses and a tie is smiling. woman.. face..,682
224,A woman with long hair and a haircut. woman.. face..,460
225,A man with glasses and a glasses is smiling. woman.. face..,812
226,A man with a beard and glasses is smiling. woman.. face..,1
227,A man with glasses and a tie is smiling. woman.. face..,777
228,A man and woman are smiling for the camera. woman.. face..,316
229,A man with a beard and a beard is looking at the camera...,188
230,A woman with a necklace and a flower on her face. camera...,538
231,A man with a beard and a beard is smiling.. camera...,159
232,A man with a beard and a beard is smiling.. camera...,815
233,A man with a beard and a beard is smiling.. camera...,467
234,A young child wearing a blue shirt and a blue shirt. camera...,6
235,A man with a beard and a beard is smiling.. camera...,770
236,A woman with long hair and a beard smiling... camera...,311
237,A woman with glasses and a tie is smiling... camera...,628
238,A woman with long hair and a haircut... camera...,249
239,A young boy with a blue shirt and a blue tie. camera...,298
240,A woman with a red hair and a red hair.. camera...,869
241,A man with a toothbrush in his mouth... camera...,654
242,A woman with a pink hair and a red hair.. camera...,235
243,A young boy with a blue shirt and a blue tie. camera...,592
244,A woman with long hair and a beard. blue tie. camera...,543
245,A woman with a beard and a beard in a field. camera...,931
246,A young girl with long hair and a tie. field. camera...,685
247,A man with a beard and a beard is smiling.. camera...,122
248,A close up of a person with a toothbrush.. camera...,968
249,A close up of a woman with a pink face.. camera...,784
250,A man with a beard and a beard is smiling.. camera...,23
251,A woman with long hair and a beard. smiling.. camera...,442
252,A man with a beard and a beard is smiling.. camera...,830
253,A young child with long hair and a blue shirt.. camera...,334
254,A little girl with long hair and a tie... camera...,493
255,A woman with glasses and a black hair tie... camera...,755
256,A woman with a beard and a beard.... camera...,210
257,A woman with a beard and a beard.... camera...,671
258,A woman with long hair and a haircut... camera...,107
259,A man with a beard and glasses oncut... camera...,914
260,A woman with a hat on and a hat on.. camera...,566
261,A man with a beard and glasses on hat on.. camera...,399
262,A man with a beard and a beard is smiling.. camera...,348
263,A woman with a beard and a beard. smiling.. camera...,729
264,A young boy wearing a blue hat and a blue shirt. camera...,217
265,A woman with a pink tie and a red shirt.. camera...,676
266,A woman with a beard and a beard. shirt.. camera...,100
267,A woman with long hair and a beard. shirt.. camera...,561
268,A little girl with long hair and a tie... camera...,913
269,A girl with long hair and a beard looking at the camera....,58
270,A young boy with long hair and a beard. the camera....,439
271,A man with a beard and a beard on his head.....,89
272,A man with a beard and a beard on his face.....,24
273,A woman with long hair and a blue hair. face.....,783
274,A man with glasses and a beard is smiling. face.....,837
275,A close up of a person wearing a shirt and tie.....,445
276,A man with glasses and a tie is smiling. tie.....,494
277,A woman with glasses and a glasses on.. tie.....,333
278,A man with a beard and a beard is smiling......,752
279,A man with a beard and glasses is smiling.......,219
280,A woman with glasses and a red tie........,678
281,A young boy is holding a teddy bear........,56
282,A man with a beard and a beard on his head.....,390
283,A man with a beard and a beard is smiling......,845
284,A close up of a person wearing a shirt and tie.....,437
285,A man with a serious look on his face with a microphone....,341
286,A man with glasses and a tie is smiling. a microphone....,894
287,A woman with a hat and a tie.. a microphone....,720
288,A young boy wearing a tie and a sweater. a microphone....,87
289,A man with a beard and glasses is smiling. a microphone....,265
290,A woman with long hair and a beard.. a microphone....,604
291,A woman with a haircut looking at the camera. microphone....,172
292,A little girl with long hair and a tie.. microphone....,513
293,A man with a beard and a beard is smiling. microphone....,961
294,A man with a tie and a beard. smiling. microphone....,839
295,A woman with long hair and a beard. smiling. microphone....,262
296,A close up of a child's face with a camera....,603
297,A close up of a person wearing a shirt and tie camera....,175
298,A woman with a beard and a red tie. tie camera....,966
299,A woman with long hair and a haircut smiling. camera....,514
300,A woman with long hair and a haircut.. camera....,109
301,A man with glasses and a beard is smiling.. camera....,568
302,A man with a beard and a beard is wearing a tie....,51
303,A woman with a hat on and a hat on. tie....,430
304,A young boy is holding a cell phone to his ear.....,842
305,A close up of a child with a toothbrush ear.....,397
306,A man wearing a hat and sunglasses. toothbrush ear.....,893
307,A man with glasses and a tie is smiling. ear.....,346
308,A little girl wearing a blue and yellow hat. ear.....,80
309,A young boy with a red hair and a beard......,727
310,A man with a beard and a beard is smiling......,953
311,A woman with a pink hair and a red hair......,521
312,A man with a beard and a beard. hair......,286
313,A woman with glasses and a tie is smiling.......,140
314,A man with a beard and a beard is smiling......,191
315,A man with a beard and a beard is smiling......,636
316,A little boy with a blue shirt and tie.......,982
317,A man with a beard and a beard is smiling......,257
318,A woman with a haircut looking at the camera......,479
319,A woman with long hair and a beard. camera......,18
320,A man with a beard and a beard is smiling......,712
321,A woman with a blue hat and a bow tie......,373
322,A woman with a smile on her face with a banana in her mouth..,405
323,A woman with long hair and a beard. a banana in her mouth..,877
324,A man with a beard and a beard is smiling. in her mouth..,64
325,A young girl with a smile on her face.. in her mouth..,928
326,A woman with a ponytail and a tie... in her mouth..,715
327,A man with a beard and a beard on his head. her mouth..,374
328,A woman with glasses and a necklace is smiling. head. her mouth..,870
329,A man with glasses and a tie looking at the ocean. her mouth..,402
330,A close up of a person wearing a shirt and tie. her mouth..,63
331,A man with a beard and a blue hat on.. her mouth..,281
332,A woman with a beard and glasses on smiling... her mouth..,526
333,A woman with a blue hat and a black hat.. her mouth..,954
334,A woman with glasses and a tie on smiling... her mouth..,147
335,A man with glasses and a tie looking at the camera. her mouth..,631
336,A woman with a blue tie and a blue shirt.. her mouth..,196
337,A woman with long hair and a beard smiling... her mouth..,250
338,A woman with long hair and a haircut... her mouth..,985
339,A man with a beard and a beard is smiling.. her mouth..,769
340,A baby girl is laying down and smiling. smiling.. her mouth..,308
341,A man with a beard and glasses on his head.. her mouth..,554
342,A young girl is smiling and talking on her cell phone. her mouth..,926
343,A man with a beard and a beard is smiling.. her mouth..,135
344,A woman with a ponytail and a tie. smiling.. her mouth..,692
345,A close up of a child with a necklace on it. her mouth..,643
346,A woman and a boy are smiling for the camera.. her mouth..,585
347,A woman with a tie and a man in a dress. her mouth..,222
348,A man with a beard and a beard is smiling.. her mouth..,528
349,A man with a beard and a beard in a shirt. her mouth..,149
350,A woman with glasses and a tie is smiling. shirt. her mouth..,198
351,A man with glasses and a tie is smiling. shirt. her mouth..,767
352,A woman with glasses and a tie is smiling. shirt. her mouth..,306
353,A man with glasses and a tie is smiling. shirt. her mouth..,802
354,A man with a beard and a blue shirt and a blue tie mouth..,470
355,A man with a hat and a blue shirt. a blue tie mouth..,11
356,A little girl with a haircut is smiling. a blue tie mouth..,288
357,A baby girl with a pink hairbrush in her mouth. tie mouth..,638
358,A woman with a smile on her face with a blue sky in the background.,259
359,A little boy with a tie and a smile. blue sky in the background.,760
360,A man with a beard and glasses on looking at the camera. the background.,301
361,A man with a beard and a beard is smiling. camera. the background.,477
362,A baby girl with a pacifier in her mouth. camera. the background.,805
363,A young boy with a serious look on his face. camera. the background.,16
364,A woman with a red hat and a red scarf. camera. the background.,921
365,A woman with a pink hair and a beard.. camera. the background.,553
366,A woman with a beard and a tie on.. camera. the background.,695
367,A man with a beard and a beard is smiling. camera. the background.,132
368,A man with a beard and a beard is smiling. camera. the background.,644
369,A woman with a beard and a beard on her face.. the background.,225
370,A woman with a knit hat and a hat on... the background.,582
371,A man with a blue hat and a beard.... the background.,879
372,A woman with long hair and a haircut.... the background.,814
373,A close up of a person wearing a red tie... the background.,466
374,A woman with long hair and a haircut.... the background.,7
375,A little girl with curly hair is holding a remote... the background.,771
376,A woman with long hair and a pink hair.... the background.,310
377,A woman with a smile on her face with a body of water in the background.,629
378,A man and woman are smiling for the camera. body of water in the background.,248
379,A little girl with long hair and a haircut. of water in the background.,299
380,A woman with a pink face and a pink tie. of water in the background.,868
381,A young girl with a smile on her face.. of water in the background.,655
382,A man with a beard and a beard is smiling. of water in the background.,593
383,A close up of a person with a toothbrush. of water in the background.,234
384,A close up of a child with a toothbrush. of water in the background.,542
385,A woman with a ponytail and a tie.brush. of water in the background.,930
386,A young boy with a blue shirt and tie.. of water in the background.,123
387,A young boy with a beard and a beard.. of water in the background.,684
388,A man with a beard and a blue shirt.. of water in the background.,652
389,A woman with long hair and a beard smiling.. of water in the background.,233
390,A man with glasses and a tie is smiling.. of water in the background.,594
391,A woman with long hair and a beard smiling.. of water in the background.,937
392,A man with glasses and a tie is smiling.. of water in the background.,545
393,A man with a beard and a beard looking at the camera. in the background.,683
394,A man with a beard and a beard is holding a cell phone. the background.,124
395,A man with glasses and a tie on is holding a cell phone. the background.,461
396,A man with a beard and a beard is smiling. cell phone. the background.,813
397,A woman with a red hair and a black haircut. phone. the background.,0
398,A close up of a person wearing a tie haircut. phone. the background.,776
399,A man with a beard and a beard is smiling.. phone. the background.,317
400,A man with a beard and a beard is smiling.. phone. the background.,189
401,A woman with a ponytail and a red hair... phone. the background.,539
402,A man with a beard and a beard is smiling.. phone. the background.,158
403,A woman with a red hair and a red hair.. phone. the background.,413
404,A young girl with long hair and a beard... phone. the background.,861
405,A little girl with long hair and a blue haircut. phone. the background.,72
406,A woman with long hair and a haircut.cut. phone. the background.,704
407,A woman with glasses and a necklace is smiling.cut. phone. the background.,365
408,A woman with a ponytail and a tie..cut. phone. the background.,939
409,A man with a beard and glasses on talking on a cell phone. the background.,778
410,Two girls are smiling together for a picture. on a cell phone. the background.,319
411,A woman with a beard and a beard on. a cell phone. the background.,187
412,A man with a beard and a beard is smiling. cell phone. the background.,620
413,A woman with a smile on her face with a tree in the background. background.,994
414,A woman with sunglasses and a necklace standing by the water. the background. background.,241
415,A woman with a ponytail on her head. the water. the background. background.,945
416,A man with a tie and a beard. the water. the background. background.,537
417,A woman with a flower in her mouth. the water. the background. background.,290
418,A woman with a smile on her face with a cell phone. background. background.,156
419,A woman with a smile on her face with a woman.. background. background.,468
420,A close up of a child with a toothbrush woman.. background. background.,9
421,A woman with a ponytail on her head.brush woman.. background. background.,627
422,A young boy with long hair and a blue shirt... background. background.,180
423,A woman with a necklace on her face. shirt... background. background.,246
424,A man with glasses and a tie is smiling.... background. background.,993
425,A close up of a person with a camera.... background. background.,297
426,A man with a beard and a beard..... background. background.,530
427,A woman with long hair and a long hair.... background. background.,942
428,A man with a beard and a beard on his face.. background. background.,151
429,A man with glasses and a tie is looking at the camera. background. background.,866
430,A man with a beard and a beard. at the camera. background. background.,414
431,A man with a beard and a beard is smiling. camera. background. background.,75
432,A young boy wearing glasses and a tie. smiling. camera. background. background.,703
433,A close up of a person wearing a shirt and tie camera. background. background.,362
434,A woman with sunglasses and a haircut smiling. tie camera. background. background.,164
435,A man with a beard and a beard is wearing a black hat.. background.,505
436,A little girl with a blue shirt and tie. a black hat.. background.,977
437,A woman with a haircut looking at the camera. black hat.. background.,273
438,A close up of a person with a necklace on his head hat.. background.,612
439,A woman with long hair and a necklace is smiling. head hat.. background.,357
440,A woman with a smile on her face with a smile on her face. background.,882
441,A man with a blue beanie and a blue jacket. her face. background.,736
442,A man with a beard and a beard is smiling.. her face. background.,91
443,A man with glasses and a tie looking at the camera. her face. background.,40
444,A man with glasses and a tie brushing his teeth.. her face. background.,386
445,A man with a beard and a beard is smiling.. her face. background.,853
446,A woman with a red hair and a white shirt.. her face. background.,421
447,A woman with long hair and a haircut... her face. background.,118
448,A man with a beard and a beard is smiling.. her face. background.,579
449,A little girl with blue hair and a blue knitted hat. face. background.,885
450,A woman with a haircut looking at the camera. hat. face. background.,350
451,A man with glasses and a glasses is wearing a blue shirt. face. background.,96
452,A man with a beard and a beard is smiling. shirt. face. background.,731
453,A woman with long hair and a haircut smiling. shirt. face. background.,47
454,A man with a beard and a beard is smiling. shirt. face. background.,426
455,A man with glasses and a tie looking at the camera shirt. face. background.,854
456,A woman with a beard and a beard. the camera shirt. face. background.,381
457,A close up of a child with a toothbrush camera shirt. face. background.,208
458,A man with glasses and a tie is smiling. camera shirt. face. background.,669
459,A woman with glasses and a necklace is smiling. camera shirt. face. background.,828
460,A close up of a child wearing a tie. camera shirt. face. background.,163
461,A woman with long hair and a haircut smiling. shirt. face. background.,970
462,A woman with long hair and a beard. smiling. shirt. face. background.,502
463,A man with a tie and a tie on.. shirt. face. background.,274
464,A close up of a person wearing a shirt and tie shirt. face. background.,615
465,A woman is smiling and holding a wine glass. tie shirt. face. background.,98
466,A man with glasses and a tie is smiling. tie shirt. face. background.,49
467,A close up of a person wearing a shirt and tie shirt. face. background.,428
468,A man with a beard and a beard on his head.. face. background.,111
469,A woman with a smile on her face with a smile on her face. background.,902
470,A woman with a beard and a beard is smiling. on her face. background.,570
471,A man with a beard and a beard on his face. her face. background.,206
472,A woman with a pink hair and a pink hair.. her face. background.,667
473,A man with sunglasses and a beard is smiling... her face. background.,322
474,A young boy with a tie and a smile... her face. background.,485
475,A man with a beard and a beard.... her face. background.,743
476,A man with glasses and a beard is smiling... her face. background.,792
477,A close up of a person wearing a shirt and tie. her face. background.,35
478,A man with a beard and a tie on and tie. her face. background.,454
479,A man with a beard and a beard is smiling.. her face. background.,826
480,A close up of a person with a toothbrush.. her face. background.,482
481,A woman with a red hair and a red hair.. her face. background.,325
482,A man with a beard and a beard is smiling.. her face. background.,744
483,A woman with a ponytail on her head. smiling.. her face. background.,32
484,A close up of a child with a haircut.. her face. background.,795
485,A woman with a beard and a beard.cut.. her face. background.,821
486,A woman with long hair and a haircut... her face. background.,453
487,A man with glasses is drinking a glass of wine.. her face. background.,979
488,A close up of a child with a toothbrush in its mouth face. background.,359
489,A baby is holding a toothbrush in its mouth. its mouth face. background.,738
490,A man with a beard and a beard is smiling. its mouth face. background.,388
491,A man with a beard and a beard is holding a banana. face. background.,116
492,A woman with glasses and a tie on smiling. a banana. face. background.,577
493,A man with glasses and a beard is looking at the camera. face. background.,905
494,A close up of a child with a toothbrush in its mouth face. background.,201
495,A man with a beard and a beard is smiling. its mouth face. background.,660
496,A close up of a person with a toothbrush. its mouth face. background.,368
497,A man with a beard and a beard on his head. mouth face. background.,709
498,A man with a beard and a tie is smiling.. mouth face. background.,230
499,A woman with sunglasses and a hat on smiling... mouth face. background.,597
500,A man with a beard and a beard is smiling.. mouth face. background.,651
501,A woman with a beard and a beard. smiling.. mouth face. background.,680
502,A little girl with a smile on her face... mouth face. background.,127
503,A man with a beard and a tie on... mouth face. background.,546
504,A young boy with glasses and a tie.... mouth face. background.,934
505,A man with glasses and a tie is smiling... mouth face. background.,3
506,A man with a beard and a beard.... mouth face. background.,810
507,A woman with a haircut looking at the camera.. mouth face. background.,462
508,A man with a beard and a beard is smiling.. mouth face. background.,314
509,A woman with long hair and a beard smiling... mouth face. background.,775
510,A woman with glasses and a tie on.... mouth face. background.,999
511,A man with a beard and glasses is smiling... mouth face. background.,948
512,A woman with long hair and a beard smiling... mouth face. background.,4
513,A woman with long hair and a tie smiling... mouth face. background.,465
514,A woman with a hat and a hat on... mouth face. background.,817
515,A woman with glasses and a black hat on... mouth face. background.,313
516,A woman with long hair and a haircut... mouth face. background.,772
517,A man with a hat and a necklace on his head. mouth face. background.,78
518,A woman with a smile on her face with a stick. mouth face. background.,419
519,A man with a beard and a beard is smiling.. mouth face. background.,590
520,A woman with long hair and a haircut smiling.. mouth face. background.,237
521,A young child is laying down and smiling. smiling.. mouth face. background.,656
522,A woman with long hair and a haircut smiling.. mouth face. background.,120
523,A woman with a haircut looking at the camera.. mouth face. background.,687
524,A man with a beard and a beard is smiling.. mouth face. background.,933
525,A woman with long hair and a haircut... mouth face. background.,541
526,A woman with glasses and a necklace is smiling... mouth face. background.,819
527,A man with glasses and a tie is smiling... mouth face. background.,245
528,A little girl holding a toothbrush in her mouth.. mouth face. background.,990
529,A woman with long hair and a beard is smiling.. mouth face. background.,624
530,A man with glasses and a tie is smiling... mouth face. background.,183
531,A man with glasses and a tie is smiling... mouth face. background.,152
532,A couple of women standing next to each other... mouth face. background.,294
533,A man with glasses and a tie is smiling... mouth face. background.,941
534,A woman with a smile on her face with a smile on her face. background.,533
535,A young boy with a blue shirt and a blue shirt. her face. background.,76
536,A woman with a pink face and a red ring on her face.. background.,417
537,A little girl with a blue shirt and a tie. her face.. background.,865
538,A woman with glasses and a red tie. tie. her face.. background.,361
539,A man with long hair and a beard wearing a green shirt... background.,700
540,A man with a hat and a hat on. green shirt... background.,239
541,A man with a beard and a beard is smiling. shirt... background.,658
542,A woman with long hair and a necklace is smiling. shirt... background.,689
543,A man with glasses and a tie is smiling.. shirt... background.,71
544,A close up of a person with a toothbrush. shirt... background.,862
545,A woman with a beard and a black haircut. shirt... background.,410
546,A man with glasses and a tie is smiling.. shirt... background.,366
547,A man with a beard and a beard is smiling. shirt... background.,707
548,A young boy with a beard and a beard.. shirt... background.,599
549,A man with a beard and a beard... shirt... background.,129
550,A man with a beard and a beard is smiling. shirt... background.,548
551,A woman with glasses and a tie is smiling.. shirt... background.,997
552,A man with a beard and a beard is smiling. shirt... background.,242
553,A young girl with long hair and a beard.. shirt... background.,184
554,A man with a beard and a beard is smiling. shirt... background.,623
555,A man with glasses and a tie is smiling.. shirt... background.,155
556,A woman with a hat and a tie on.. shirt... background.,534
557,A young boy with a purple shirt and tie.. shirt... background.,946
558,A woman with a red hair and a red hair. shirt... background.,293
559,A close up of a child with a toothbrush. shirt... background.,95
560,A woman with a smile on her face with a smile on her face. background.,732
561,A woman with long hair and a beard. a smile on her face. background.,886
562,A man with a tie and a red tie. smile on her face. background.,353
563,A woman with glasses and a glasses on.. smile on her face. background.,857
564,A man with glasses and a tie is smiling. smile on her face. background.,425
565,A woman with long hair and a haircut. smile on her face. background.,382
566,A young boy with a blue shirt and a blue tie on her face. background.,44
567,A woman with a ponytail on her head. blue tie on her face. background.,488
568,A woman with a ponytail on her head. blue tie on her face. background.,459
569,A close up of a child with a tie blue tie on her face. background.,38
570,A woman with glasses and a glasses on. blue tie on her face. background.,501
571,A woman with sunglasses and a sunglasses on smiling. tie on her face. background.,973
572,A man with a beard and a beard is smiling. on her face. background.,160
573,A little girl with long hair and a haircut. on her face. background.,616
574,A woman with a beard and a beard is smiling. on her face. background.,277
575,A man with a beard and a beard is smiling. on her face. background.,749
576,A man with a blue hat and a blue hat. on her face. background.,328
577,A man with glasses and a tie is smiling.. on her face. background.,798
578,A young boy with a beard and a blue shirt. on her face. background.,974
579,A man with glasses and a beard is smiling.. on her face. background.,506
580,A man with a beard and glasses on his head. on her face. background.,167
581,A man with a beard and a beard is smiling. on her face. background.,611
582,A man with a beard and a beard is smiling. on her face. background.,270
583,A young girl with long hair and a hairbrush. on her face. background.,735
584,A close up of a child wearing a tiebrush. on her face. background.,92
585,A woman with a smile on her face with a blue umbrella. face. background.,354
586,A man with glasses and a tie is smiling. blue umbrella. face. background.,881
587,A woman with a beard and a red hair. blue umbrella. face. background.,385
588,A woman with glasses and a tie on.. blue umbrella. face. background.,422
589,A woman with a pink hair and a red hair. umbrella. face. background.,850
590,A close up of a child with a camera hair. umbrella. face. background.,43
591,A man with a blue knitted cap and a black hat. face. background.,908
592,A woman with long hair and a blue hair. black hat. face. background.,747
593,A woman with a pink hair and a red hair. hat. face. background.,481
594,A woman with long hair and a necklace is smiling. hat. face. background.,326
595,A close up of a child with a toothbrush. hat. face. background.,450
596,A man with a beard and a tie.brush. hat. face. background.,822
597,A close up of a person wearing a shirt and tie hat. face. background.,31
598,A woman with a red tie and a red ring. hat. face. background.,796
599,A close up of a person wearing a shirt and tie hat. face. background.,508
600,A young boy wearing a hat and a hat. tie hat. face. background.,169
601,A man with a beard and a blue shirt with a beard. face. background.,906
602,A woman with glasses and a tie on. with a beard. face. background.,574
603,A woman with a white dress and a white shirt. beard. face. background.,115
604,A man with a beard and a beard is smiling. beard. face. background.,663
605,A woman with a smile on her face with a smile.. face. background.,202
606,A man with a hat on looking at the camera smile.. face. background.,888
607,A man with a beard and a blue hair. smile.. face. background.,859
608,A man with glasses and a tie is smiling. smile.. face. background.,573
609,A woman with a smile on her face with a smile on her face. background.,901
610,A man with glasses and a tie is smiling. smile on her face. background.,112
611,A man with glasses and a beard is smiling. smile on her face. background.,664
612,A woman with a haircut looking at the camera. on her face. background.,205
613,A man with a beard and a beard on his head. her face. background.,740
614,A woman is smiling while holding a banana. his head. her face. background.,321
615,A woman and a man are smiling together. his head. her face. background.,486
616,A woman with a smile on her face with a body of water in the background.,825
617,A woman with a red hair and a red hair. of water in the background.,457
618,A girl with a pink hair and a pink hair. of water in the background.,791
619,A man with a beard and glasses is smiling.. of water in the background.,36
620,A woman with a beard and a beard on her face. water in the background.,618
621,A close up of a child with a toothbrush face. water in the background.,279
622,A close up of a child wearing a shirt and tie. water in the background.,675
623,A man with glasses and a tie is smiling. tie. water in the background.,214
624,A little girl with a blue shirt and a green hat. water in the background.,910
625,A man with a beard and a beard is smiling.. water in the background.,562
626,A woman with a ponytail on her head. smiling.. water in the background.,103
627,A woman with a beard and a blue shirt... water in the background.,848
628,A woman with glasses and a necklace is smiling... water in the background.,899
629,A man with a beard and a beard is smiling.. water in the background.,609
630,A man with a beard and a beard on his face. water in the background.,268
631,A man with a beard and a beard is smiling.. water in the background.,446
632,A woman with a smile on her face with a camera in the background. background.,834
633,A woman with a pink hair and a black haircut. the background. background.,27
634,A man with glasses and a beard is smiling.cut. the background. background.,780
635,A man with glasses and a tie is smiling.cut. the background. background.,751
636,A woman with a long hair and a black haircut. the background. background.,497
637,A woman with a red lips is taking a picture.. the background. background.,330
638,A close up of a girl with a necklace on her face. background. background.,519
639,A woman with a red hair and a black haircut.. background. background.,178
640,A little girl with a pink flower in her hair... background. background.,833
641,A close up of a person with a toothbrush... background. background.,441
642,A woman with a smile on her face with a beach in the background. background.,787
643,A man with a beard and a beard is smiling. in the background. background.,20
644,A woman with long hair and a beard is smiling. in the background. background.,756
645,A woman with a haircut looking at the camera. in the background. background.,337
646,A baby girl wearing a pink polka dot tie.. in the background. background.,490
647,A little girl with a haircut is smiling.. in the background. background.,672
648,A man with glasses and a beard is smiling.. in the background. background.,213
649,A woman with glasses and a tie is smiling.. in the background. background.,565
650,A woman with a ponytail on her head... in the background. background.,917
651,A close up of a person wearing a shirt and tie in the background. background.,104
652,A woman with a yellow hair and a yellow hair. in the background. background.,600
653,A man with a beard and a beard. hair. in the background. background.,261
654,A woman with a ponytail and a red hair.. in the background. background.,517
655,A woman with long hair and a beard... in the background. background.,965
656,A woman with glasses and a tie is smiling.. in the background. background.,176
657,A woman with long hair and a beard is smiling. in the background. background.,789
658,A woman with a smile on her face with a young man. background. background.,758
659,A man with a beard and a beard is smiling. man. background. background.,339
660,A man with a beard and glasses is wearing a tie.. background. background.,919
661,A woman with a wig and a wig on and a tie. background. background.,841
662,A little girl with a pink hair and a pink hair.. background. background.,433
663,A woman with a smile on her face with a smile on her face. background.,394
664,A woman with a beard and a beard. a smile on her face. background.,52
665,A woman with a ponytail on her head. a smile on her face. background.,83
666,A close up of a person wearing a shirt and tie on her face. background.,724
667,A woman with a smile on her face with a smile on her face. background.,890
668,A young woman with glasses and a tie. a smile on her face. background.,345
669,A man with a beard and a beard is smiling. on her face. background.,393
670,A man with a beard and a beard is smiling. on her face. background.,434
671,A woman with long hair and a tie smiling.. on her face. background.,846
672,A man with glasses and a tie is smiling.. on her face. background.,55
673,A woman with a long hair and a tie on. on her face. background.,723
674,A woman with a blue hair and a blue shirt. on her face. background.,84
675,A woman with a ponytail on her head. shirt. on her face. background.,342
676,A woman with a pink hat and a pink hat. on her face. background.,897
677,A man with glasses and a tie is smiling.. on her face. background.,607
678,A close up of a child with a camera.. on her face. background.,266
679,A man with a beard and a beard is smiling. on her face. background.,962
680,A woman with glasses and a tie smiling. smiling. on her face. background.,510
681,A woman with a banana and a straw hat on her head. face. background.,171
682,A woman with glasses and a necklace is smiling. her head. face. background.,448
683,A young boy with a beard and a tie. her head. face. background.,29
684,A close up of a child with a towel. her head. face. background.,499
685,A woman with a beard and a red hair. her head. face. background.,138
686,A man with glasses and a tie on.. her head. face. background.,559
687,A woman with a beard and a beard.. her head. face. background.,588
688,A man with a hat and a hat on. her head. face. background.,377
689,A man with glasses and a tie on.. her head. face. background.,716
690,A woman with a beard and a red tie. her head. face. background.,60
691,A man with glasses and a beard is smiling. her head. face. background.,401
692,A man and a woman smiling for a picture. her head. face. background.,873
693,A man with a beard and a beard is smiling. head. face. background.,144
694,A man with a beard and a beard is smiling. head. face. background.,282
695,A man with a beard and a beard is smiling. head. face. background.,957
696,A woman with a beard and a beard. smiling. head. face. background.,525
697,A young boy with a tie and a smile.. head. face. background.,253
698,A man with long hair and a beard is smiling. head. face. background.,986
699,A woman with long hair and a beard. smiling. head. face. background.,632
700,A woman with long hair and a beard smiling.. head. face. background.,195
701,A man with a blue wig and a beard.. head. face. background.,143
702,A little girl that is smiling and smiling... head. face. background.,522
703,A close up of a person with a toothbrush. head. face. background.,950
704,A young girl with a mustache is smiling.brush. head. face. background.,285
705,A woman with a beard and a tie.brush. head. face. background.,981
706,A man with glasses and a tie is smiling.. head. face. background.,254
707,A close up of a person with a toothbrush. head. face. background.,192
708,A close up of a person wearing a tiebrush. head. face. background.,635
709,A woman with glasses and a tie is smiling.. head. face. background.,808
710,A close up of a child with a toothbrush. head. face. background.,698
711,A man with a beard and a beard.brush. head. face. background.,228
712,A man with a beard and a beard is smiling. head. face. background.,649
713,A woman with a ponytail on her head. smiling. head. face. background.,370
714,A man with a beard and a beard is smiling. head. face. background.,711
715,A man and a woman are posing for a picture. head. face. background.,67
716,A man with glasses and a tie is smiling.. head. face. background.,874
717,A woman with a beard and a beard is smiling. head. face. background.,406
718,A woman with glasses and a black hair. smiling. head. face. background.,302
719,A man with a beard and a beard is smiling. head. face. background.,763
720,A man with a beard and a beard is smiling. head. face. background.,15
721,A close up of a person with a toothbrush. head. face. background.,806
722,A girl with a smile on her face with a smile on her face. background.,474
723,A woman with a beard and a beard is smiling. on her face. background.,696
724,A close up of a child with a toothbrush. on her face. background.,131
725,A baby wearing a purple tie and a purple shirt. on her face. background.,550
726,A woman with a beard and a beard. shirt. on her face. background.,922
727,A woman with a beard and a beard. shirt. on her face. background.,226
728,A woman with a blue wig and a tie.. on her face. background.,581
729,A young boy with a blue shirt and a blue tie. her face. background.,647
730,A man with a beard and glasses on looking at the camera. face. background.,69
731,A woman with long hair and a beard. at the camera. face. background.,408
732,A man with a beard and a beard is smiling. camera. face. background.,136
733,A man with a beard and a beard is smiling. camera. face. background.,691
734,Two girls are smiling together and smiling for the camera. camera. face. background.,925
735,A woman with long hair and a beard smiling.. camera. face. background.,557
736,A man with a beard and a beard on his head.. face. background.,586
737,A woman and a young girl are smiling. his head.. face. background.,221
738,A man with sunglasses and a sunglasses on. his head.. face. background.,640
739,A woman with a beard and a beard. his head.. face. background.,379
740,A man with a beard and glasses is smiling. head.. face. background.,718
741,A man with a beard and a tie is smiling... face. background.,959
742,A man with glasses and a tie is smiling.... face. background.,988
743,A woman with a hat and a hat on.... face. background.,305
744,A man with glasses and a tie is smiling.... face. background.,764
745,A man with a beard and a beard is smiling... face. background.,12
746,A man with a beard and a beard is smiling... face. background.,473
747,A close up of a child with a toothbrush... face. background.,801
748,A woman with glasses and a tie is smiling.... face. background.,889
749,A woman with a ponytail and a tie..... face. background.,858
750,A little boy with a blue tie and a blue shirt.. face. background.,572
751,A man with a beard and a blue shirt. shirt.. face. background.,900
752,A little girl with long hair is smiling.. shirt.. face. background.,113
753,A woman with a blue knitted hat and a blue knitted hat. background.,665
754,A man with a beard and a tie on. blue knitted hat. background.,204
755,A man with a black hat and a beard. blue knitted hat. background.,741
756,A woman with sunglasses and a necklace on her head. knitted hat. background.,487
757,A woman with long hair and a long hair.. knitted hat. background.,320
758,A young boy with a beard and a beard.. knitted hat. background.,824
759,A woman with a haircut looking at a camera. knitted hat. background.,456
760,A young boy with a tie and a shirt.. knitted hat. background.,37
761,A woman holding a cell phone in her hand.. knitted hat. background.,790
762,A young boy is holding a stuffed animal... knitted hat. background.,619
763,A man with a beard and a beard is smiling. knitted hat. background.,278
764,A man with glasses and a tie is smiling.. knitted hat. background.,746
765,A woman with a red hair and a white shirt. knitted hat. background.,327
766,A man with a beard and a blue shirt and a blue tie hat. background.,480
767,A woman with a haircut looking at the camera. blue tie hat. background.,451
768,A woman with glasses and a necklace is smiling.. blue tie hat. background.,823
769,A little girl with a smile on her face.. blue tie hat. background.,797
770,A man with a beard and a beard is smiling. blue tie hat. background.,30
771,A man with a beard and a beard is smiling. blue tie hat. background.,509
772,A man with a beard and a beard is smiling. blue tie hat. background.,168
773,A little girl with a pink bow tie. smiling. blue tie hat. background.,907
774,A little girl with a red tie and a pink face. tie hat. background.,575
775,A close up of a child with a toothbrush face. tie hat. background.,114
776,A little girl with a pink shirt and a pink tie. tie hat. background.,662
777,A little girl with a pink tie and a pink shirt. tie hat. background.,203
778,A man with a beard and a beard is smiling.. tie hat. background.,748
779,A woman with long hair and a haircut... tie hat. background.,329
780,A man with glasses and a tie is smiling... tie hat. background.,799
781,A man with a hat and a hat on... tie hat. background.,975
782,A man with a beard and a beard is smiling.. tie hat. background.,507
783,A woman with a smile on her face with a woman behind her.. background.,166
784,A woman with glasses and a tie on. a woman behind her.. background.,610
785,A young man with a beard and a beard. woman behind her.. background.,271
786,A man with a beard and a beard is smiling. behind her.. background.,93
787,A man with a beard and a beard is smiling. behind her.. background.,734
788,A woman with long hair and a beard smiling.. behind her.. background.,880
789,A woman with long hair and a beard smiling.. behind her.. background.,355
790,A woman with long hair and a necklace is smiling. behind her.. background.,423
791,A man with glasses and a tie looking at the camera behind her.. background.,851
792,A man with a beard and a beard is smiling. behind her.. background.,384
793,A woman with glasses and a necklace is smiling.. behind her.. background.,42
794,A man and a woman are smiling for the camera. behind her.. background.,909
795,A man with a beard and a beard is smiling. behind her.. background.,733
796,A woman with long hair and a haircut.. behind her.. background.,94
797,A close up of a person wearing a tie.. behind her.. background.,352
798,A man with glasses and a beard is smiling.. behind her.. background.,887
799,A little girl with a red tie and a red shirt. her.. background.,383
800,A woman with a smile on her face with a pink background... background.,856
801,A man with a beard and a beard is smiling. background... background.,424
802,A woman with a hat and a black haircut. background... background.,45
803,A man with a beard and a beard is smiling. background... background.,489
804,A woman with a beard and a white shirt.. background... background.,458
805,A man with a beard and a beard is smiling. background... background.,39
806,A man with a beard and a beard is smiling. background... background.,500
807,A close up of a person wearing a shirt and tie background... background.,972
808,A man with a beard and a beard smiling. tie background... background.,161
809,A woman with long hair and a tie smiling. tie background... background.,617
810,A man with a beard and a beard is smiling. background... background.,276
811,A man with glasses and a beard is smiling.. background... background.,70
812,A woman with a beard and a beard is smiling. background... background.,863
813,A man with a beard and glasses is smiling.. background... background.,411
814,A woman with a black hat and a black hat. background... background.,367
815,Two little girls standing next to each other. hat. background... background.,706
816,A woman with a haircut looking at the camera. background... background.,598
817,A baby is sitting on a blanket and smiling.. background... background.,128
818,A woman with long hair and a beard... background... background.,549
819,A woman with a haircut looking at the camera. background... background.,243
820,A woman with long hair and a blue hair.. background... background.,996
821,A little girl with a pink shirt and a pink tie background... background.,622
822,A man with a beard and a beard is looking at the camera.. background.,185
823,A man with a beard and a beard is smiling. the camera.. background.,154
824,A woman with a knitted hat and a hat on. camera.. background.,292
825,A woman with a ponytail on her head. hat on. camera.. background.,535
826,A man with a beard and a tie on. on. camera.. background.,947
827,A young boy with long hair and a beard. on. camera.. background.,818
828,A woman with glasses and a tie is smiling. on. camera.. background.,991
829,A woman with glasses and a necklace is smiling. on. camera.. background.,244
830,A little girl with long hair and a beard. on. camera.. background.,182
831,A woman with a beard and a beard.. on. camera.. background.,625
832,A man with a beard and a blue shirt. on. camera.. background.,153
833,A close up of a person wearing a shirt and tie. camera.. background.,940
834,A woman with a haircut looking at the camera.. camera.. background.,532
835,A man with a beard and a beard is smiling.. camera.. background.,295
836,A woman with long hair and a haircut... camera.. background.,77
837,A man with a beard and a tie.... camera.. background.,416
838,A man with a beard and a beard is looking at the camera.. background.,864
839,A close up of a person with a tie looking at the camera.. background.,360
840,A woman with long hair and a haircut. at the camera.. background.,701
841,A close up of a person wearing a shirt and tie the camera.. background.,238
842,A close up of a child with a toothbrush tie the camera.. background.,659
843,A woman with long hair and a beard.brush tie the camera.. background.,688
844,A woman with a haircut looking at the camera. the camera.. background.,5
845,A young boy with long hair and a tie.. the camera.. background.,464
846,A close up of a person with a toothbrush. the camera.. background.,816
847,A woman with glasses and a necklace is smiling.. the camera.. background.,312
848,A young boy with long hair and a beard.. the camera.. background.,773
849,A man with a beard and a beard wearing a tie. camera.. background.,79
850,A close up of a child with a tie a tie. camera.. background.,418
851,A woman with a beard and a beard. a tie. camera.. background.,236
852,A man with glasses and a tie is smiling. tie. camera.. background.,591
853,A woman with glasses and a tie is smiling. tie. camera.. background.,657
854,A man with a beard and a beard is smiling.. camera.. background.,686
855,A woman with a blue hair and a necklace on her head... background.,121
856,A close up of a person wearing a shirt and tie head... background.,932
857,A close up of a child with a towel and tie head... background.,540
858,A woman with a smile on her face with a smile on her face. background.,369
859,A man with a beard and a tie smiling. smile on her face. background.,708
860,A woman with a smile on her face with a smile on her face. background.,596
861,A man with glasses and a beard is smiling. smile on her face. background.,231
862,A close up of a person wearing a shirt and tie on her face. background.,650
863,A man and woman are smiling for the camera. tie on her face. background.,126
864,A woman with long hair and a beard.. tie on her face. background.,681
865,A young girl with a red tie and a red tie. her face. background.,547
866,A close up of a person wearing a shirt and tie. her face. background.,935
867,A man with glasses and a glasses is smiling. tie. her face. background.,2
868,A close up of a person with a tie. tie. her face. background.,811
869,A woman with a flower on her head.. tie. her face. background.,463
870,A man with a beard and a beard is smiling.. her face. background.,315
871,A young woman with a blue hair and a beard.. her face. background.,774
872,A man with a beard and a beard is smiling.. her face. background.,998
873,A woman with a beard and a beard. smiling.. her face. background.,949
874,A close up of a person with a tie smiling.. her face. background.,690
875,A man with a beard and a beard. smiling.. her face. background.,137
876,A woman with a hat and a hat on... her face. background.,924
877,A little girl with a tie and a green shirt.. her face. background.,556
878,A man with a beard and a beard is looking at the ocean.. background.,220
879,A woman with a beard and a blue shirt. at the ocean.. background.,587
880,A woman with a smile on her face with a man in a striped shirt..,641
881,A woman with a blue collar and tie is smiling. in a striped shirt..,378
882,A man with glasses and a glasses is smiling.. in a striped shirt..,719
883,A little girl with long hair and a haircut. in a striped shirt..,958
884,A close up of a child with a toothbrush. in a striped shirt..,989
885,A close up of a child brushing his teethbrush. in a striped shirt..,304
886,A man with glasses and a glasses is smiling.. in a striped shirt..,765
887,A man with a beard and a beard on his head. a striped shirt..,13
888,A woman with glasses and a necklace is smiling. head. a striped shirt..,472
889,A woman with long hair and a haircut. head. a striped shirt..,800
890,A woman with a pink shirt and black hair. head. a striped shirt..,303
891,A young girl with a tie and a smile. head. a striped shirt..,762
892,A man with a beard and a beard is smiling.. a striped shirt..,14
893,A man with a beard and a beard smiling... a striped shirt..,807
894,A woman with long hair and a blue shirt... a striped shirt..,475
895,A man with glasses and a tie is smiling... a striped shirt..,130
896,A young boy wearing a black shirt and a tie.. a striped shirt..,697
897,A man with glasses and a beard is smiling... a striped shirt..,551
898,A man with a beard and a beard is holding a cell phone up to his ear.,923
899,A little girl with long hair and a tie. a cell phone up to his ear.,580
900,A close up of a child with a tie. a cell phone up to his ear.,227
901,A woman with long hair and a beard smiling. a cell phone up to his ear.,646
902,A man with glasses and a beard is smiling. a cell phone up to his ear.,68
903,A woman with long hair and a beard.. a cell phone up to his ear.,409
904,A woman with a beard and a red tie. a cell phone up to his ear.,142
905,A little girl with a red hair and a red hair. phone up to his ear.,284
906,A woman with a beard and a blue shirt. hair. phone up to his ear.,523
907,A close up of a person wearing a shirt and tie. phone up to his ear.,951
908,A close up of a person wearing a shirt and tie. phone up to his ear.,255
909,A woman with a beard and a beard. and tie. phone up to his ear.,980
910,A man with a beard and a beard is smiling.. phone up to his ear.,634
911,A young boy with a beard and a blue shirt.. phone up to his ear.,193
912,A woman with a ponytail on her head. shirt.. phone up to his ear.,809
913,A man with a beard and glasses on. shirt.. phone up to his ear.,699
914,A woman with a beard and a beard. shirt.. phone up to his ear.,229
915,A woman with a beard and a beard. shirt.. phone up to his ear.,648
916,A woman with a pink hair and a pink hair.. phone up to his ear.,371
917,A man with glasses and a tie is smiling... phone up to his ear.,710
918,A man with a beard and a beard is smiling.. phone up to his ear.,66
919,A woman with a beard and a black haircut.. phone up to his ear.,875
920,A woman with a haircut looking at the camera.. phone up to his ear.,407
921,A man with glasses and a tie is smiling... phone up to his ear.,139
922,A man and woman are posing for a picture together.. phone up to his ear.,558
923,A man with a beard and a blue shirt and a blue tie up to his ear.,589
924,A young child wearing a white shirt and tie. a blue tie up to his ear.,376
925,A close up of a person wearing a shirt and tie blue tie up to his ear.,717
926,A girl with a red tie and a red shirt. blue tie up to his ear.,61
927,A man with glasses and a tie is smiling.. blue tie up to his ear.,400
928,A woman with a long hair and a necklace on her face. up to his ear.,872
929,A woman with long hair is talking on a cell phone.. up to his ear.,145
930,A man with a tie and a beard. cell phone.. up to his ear.,956
931,A woman with long hair and a beard smiling. phone.. up to his ear.,524
932,A man with a beard and a beard smiling. phone.. up to his ear.,283
933,A young girl with long hair and a smile. phone.. up to his ear.,987
934,A woman with a tie and a smile.. phone.. up to his ear.,252
935,A man with glasses and a glasses is smiling. phone.. up to his ear.,194
936,A woman with a smile on her face with a smile on her face. his ear.,633
937,A woman with long hair and a haircut smiling. on her face. his ear.,435
938,A woman with a pink and blue wig on.. on her face. his ear.,847
939,A woman with a smile on her face is smiling. on her face. his ear.,392
940,A man with a beard and glasses on looking at the camera. face. his ear.,54
941,A woman with glasses and a tie is smiling. the camera. face. his ear.,85
942,A woman with a red rose in her mouth. the camera. face. his ear.,722
943,A man with a beard and a beard is smiling. camera. face. his ear.,896
944,A man with a beard and a beard is looking at the camera.. his ear.,343
945,A woman with glasses and a tie on. looking at the camera.. his ear.,606
946,A man with glasses and a tie is looking at the camera... his ear.,267
947,A woman with a blue shirt and tie smiling. the camera... his ear.,963
948,A man with a beard and a beard is smiling. camera... his ear.,511
949,A woman with a haircut looking at the camera. camera... his ear.,170
950,A woman with a smile on her face. camera. camera... his ear.,449
951,A woman with long hair and a beard smiling.. camera... his ear.,28
952,A woman with a haircut looking at the camera. camera... his ear.,498
953,A close up of a person wearing a hat camera. camera... his ear.,601
954,A woman with glasses and a tie looking at the camera camera... his ear.,260
955,A woman with glasses and a tie is smiling. camera camera... his ear.,516
956,A woman with a pink face and a pink toothbrush.... his ear.,964
957,A woman with long hair and a beard smiling.brush.... his ear.,177
958,A woman with a pink hair and a black haircut.... his ear.,788
959,A close up of a person wearing a shirt and tie.... his ear.,759
960,A woman with a beard and a beard is smiling..... his ear.,338
961,A man with a beard and a beard is smiling..... his ear.,918
962,A woman with glasses and a necklace is smiling...... his ear.,395
963,A man with a beard and a beard is smiling..... his ear.,840
964,A man with a beard and a beard is smiling..... his ear.,432
965,A woman with sunglasses and a blue shirt. smiling..... his ear.,53
966,A man with a hat and a beard. smiling..... his ear.,725
967,A woman with a pink face and a pink tie..... his ear.,82
968,A woman with long hair and a haircut...... his ear.,344
969,A man with a beard and a beard is smiling..... his ear.,891
970,A man with glasses and a tie is smiling...... his ear.,518
971,A man with a beard and a beard is smiling..... his ear.,179
972,A woman with a tie on smiling for the camera..... his ear.,832
973,A close up of a child with a toothbrush..... his ear.,440
974,A woman with a beard and a beard.brush..... his ear.,21
975,A man with a beard and a beard is looking at the camera.. his ear.,786
976,A woman with glasses and a tie on. looking at the camera.. his ear.,757
977,A man with a beard and a tie. looking at the camera.. his ear.,491
978,A woman with a haircut looking at the camera. the camera.. his ear.,336
979,A man with a beard and a beard is smiling. the camera.. his ear.,673
980,A man with a beard and a beard is smiling. the camera.. his ear.,212
981,A man with a beard and a beard is smiling. the camera.. his ear.,564
982,A man with glasses and a tie looking at the camera the camera.. his ear.,916
983,A close up of a child with a toothbrush camera the camera.. his ear.,105
984,A woman with a red hair and a red hair. the camera.. his ear.,674
985,A woman with glasses and a necklace is smiling.. the camera.. his ear.,215
986,A close up of a person with a toothbrush. the camera.. his ear.,911
987,A woman with long hair and a beard.brush. the camera.. his ear.,563
988,A woman with a toothbrush in her mouth.. the camera.. his ear.,102
989,A woman with a red tie on and a red rose in her mouth. his ear.,849
990,A woman with long hair and a haircut. rose in her mouth. his ear.,898
991,A man with a beard and a beard is smiling. in her mouth. his ear.,608
992,A man with a beard and a beard is smiling. in her mouth. his ear.,269
993,A woman with long hair and a tie smiling.. in her mouth. his ear.,447
994,A close up of a child with a toothbrush. in her mouth. his ear.,835
995,A girl with a beard and a blue shirt.. in her mouth. his ear.,781
996,A woman with glasses and a tie is smiling.. in her mouth. his ear.,26
997,A woman with long hair and a beard smiling.. in her mouth. his ear.,750
998,A woman with sunglasses on and a cell phone in her mouth. mouth. his ear.,331
999,A man with a beard and a beard is smiling. mouth. mouth. his ear.,0496
